{"conf_table": {"_type": "table-file", "sha256": "64d53b227faa1d9af28f0039b25e56adeb64e665247c693173315a44082c2d85", "size": 182, "artifact_path": "wandb-client-artifact://1cualrqdfjlozug95nzb1i0ctgvhlp3qypyj1llf911oex4t6jwk5yfuo36s3ntsv64r9nf8enp32je12x56q57sa5j0eok5t82ex07cvgu360za0rdpexcsxxl9469b:latest/conf_table.table.json", "_latest_artifact_path": "wandb-client-artifact://1cualrqdfjlozug95nzb1i0ctgvhlp3qypyj1llf911oex4t6jwk5yfuo36s3ntsv64r9nf8enp32je12x56q57sa5j0eok5t82ex07cvgu360za0rdpexcsxxl9469b:latest/conf_table.table.json", "path": "media/table/conf_table_61_64d53b227faa1d9af28f.table.json", "ncols": 3, "nrows": 4}, "_timestamp": 1661475739.406842, "_runtime": 487.2790849208832, "_step": 64, "examples": {"_type": "table-file", "sha256": "950b0b80db4ab492ce2cb3b6fde5377911e7455649b78dd93e7c3d3d19df8ef5", "size": 109, "artifact_path": "wandb-client-artifact://buiz9gock208pyuteoclfwvuvyn2kikfmm6636t52n758xnb6mgmqwreyvds3sioeehrsgqfu2gx214tfu1j35ohpjsa8fhy9bf3y1i30df7k7rv69oqcwntgvl3pglz:latest/examples.table.json", "_latest_artifact_path": "wandb-client-artifact://buiz9gock208pyuteoclfwvuvyn2kikfmm6636t52n758xnb6mgmqwreyvds3sioeehrsgqfu2gx214tfu1j35ohpjsa8fhy9bf3y1i30df7k7rv69oqcwntgvl3pglz:latest/examples.table.json", "path": "media/table/examples_63_950b0b80db4ab492ce2c.table.json", "ncols": 2, "nrows": 8}, "global_step": 268, "train/loss_step": 0.576224684715271, "train/acc_step": 0.75, "epoch": 0, "trainer/global_step": 267, "valid/loss_step": 0.43932241201400757, "valid/loss_epoch": 0.6597052216529846, "valid/acc": 0.6912751793861389, "valid/precision_macro": 0.34563758969306946, "valid/recall_macro": 0.5, "valid/precision_micro": 0.6912751793861389, "valid/recall_micro": 0.6912751793861389, "valid/f1": 0.6912751793861389, "train/loss_epoch": 0.6539339423179626, "train/acc_epoch": 0.6653022766113281, "_wandb": {"runtime": 486}}