{"conf_table": {"_type": "table-file", "sha256": "64d53b227faa1d9af28f0039b25e56adeb64e665247c693173315a44082c2d85", "size": 182, "artifact_path": "wandb-client-artifact://7c4x51iq9u0klvci9tpwoe1rtjtfe3pisz6a508x9c6jjuimpc7vrcvyuvdi7cedf78c7mwohsxsu5duep9zgulw1t1unemgv5nvnp87ayovo8bylitlztbwed23t6e4:latest/conf_table.table.json", "_latest_artifact_path": "wandb-client-artifact://7c4x51iq9u0klvci9tpwoe1rtjtfe3pisz6a508x9c6jjuimpc7vrcvyuvdi7cedf78c7mwohsxsu5duep9zgulw1t1unemgv5nvnp87ayovo8bylitlztbwed23t6e4:latest/conf_table.table.json", "path": "media/table/conf_table_39_64d53b227faa1d9af28f.table.json", "ncols": 3, "nrows": 4}, "_timestamp": 1661473425.465379, "_runtime": 153.289470911026, "_step": 40, "train/loss_step": 0.5728257298469543, "train/acc_step": 0.75, "epoch": 0, "trainer/global_step": 267, "valid/loss_step": 0.560632586479187, "valid/loss_epoch": 0.630916953086853, "valid/acc": 0.6912751793861389, "valid/precision_macro": 0.34563758969306946, "valid/recall_macro": 0.5, "valid/precision_micro": 0.6912751793861389, "valid/recall_micro": 0.6912751793861389, "valid/f1": 0.6912751793861389, "_wandb": {"runtime": 152}}